{
  "0": {
    "baseline": 0.44525547445255476,
    "clusters": {
      "0": 0.4306569343065693,
      "1": 0.0,
      "2": 0.13138686131386862
    }
  },
  "1": {
    "baseline": 0.5031969309462916,
    "clusters": {
      "0": 0.026854219948849106,
      "1": 0.3491048593350384,
      "2": 0.2563938618925831
    }
  },
  "2": {
    "baseline": 0.4999153833135894,
    "clusters": {
      "0": 0.006938568285665934,
      "1": 0.1614486376713488,
      "2": 0.21188018277204265
    }
  },
  "4": {
    "baseline": 0.4479495268138801,
    "clusters": {
      "0": 0.4605678233438486,
      "1": 0.4069400630914827,
      "2": 0.2902208201892745
    }
  },
  "5": {
    "baseline": 0.5327102803738317,
    "clusters": {
      "0": 0.2803738317757009,
      "1": 0.411214953271028,
      "2": 0.1308411214953271
    }
  },
  "6": {
    "baseline": 0.583554376657825,
    "clusters": {
      "0": 0.2838196286472148,
      "1": 0.3222811671087533,
      "2": 0.19496021220159152
    }
  },
  "7": {
    "baseline": 0.5361702127659574,
    "clusters": {
      "0": 0.3617021276595745,
      "1": 0.18723404255319148,
      "2": 0.39574468085106385
    }
  }
}