{
  "0": {
    "baseline": 0.40875912408759124,
    "clusters": {
      "0": 0.0072992700729927005,
      "1": 0.2846715328467153,
      "2": 0.29927007299270075,
      "3": 0.19708029197080293,
      "4": 0.36496350364963503,
      "5": 0.22627737226277372
    }
  },
  "1": {
    "baseline": 0.45907928388746805,
    "clusters": {
      "0": 0.2819693094629156,
      "1": 0.34335038363171355,
      "2": 0.3459079283887468,
      "3": 0.40601023017902815,
      "4": 0.026214833759590793,
      "5": 0.22506393861892582
    }
  },
  "2": {
    "baseline": 0.4636994415298697,
    "clusters": {
      "0": 0.2782196649179218,
      "1": 0.37925198849213065,
      "2": 0.38534438991369097,
      "3": 0.019631071247249957,
      "4": 0.14097139955999324,
      "5": 0.3806058554746996
    }
  },
  "4": {
    "baseline": 0.4195583596214511,
    "clusters": {
      "0": 0.2586750788643533,
      "1": 0.4794952681388013,
      "2": 0.41009463722397477,
      "3": 0.4668769716088328,
      "4": 0.4668769716088328,
      "5": 0.35646687697160884
    }
  },
  "5": {
    "baseline": 0.48598130841121495,
    "clusters": {
      "0": 0.5420560747663551,
      "1": 0.3644859813084112,
      "2": 0.45794392523364486,
      "3": 0.2803738317757009,
      "4": 0.102803738317757,
      "5": 0.4205607476635514
    }
  },
  "6": {
    "baseline": 0.5278514588859416,
    "clusters": {
      "0": 0.06763925729442971,
      "1": 0.4230769230769231,
      "2": 0.4323607427055703,
      "3": 0.5636604774535809,
      "4": 0.4482758620689655,
      "5": 0.46551724137931033
    }
  },
  "7": {
    "baseline": 0.5234042553191489,
    "clusters": {
      "0": 0.46808510638297873,
      "1": 0.3404255319148936,
      "2": 0.35319148936170214,
      "3": 0.44680851063829785,
      "4": 0.17446808510638298,
      "5": 0.4553191489361702
    }
  }
}