{
  "0": {
    "baseline": 0.9708029197080292,
    "clusters": {
      "0": 0.9708029197080292,
      "1": 0.9708029197080292,
      "2": 0.927007299270073,
      "3": 0.9051094890510949,
      "4": 0.9781021897810219,
      "5": 0.9708029197080292
    }
  },
  "2": {
    "baseline": 0.9585378236588256,
    "clusters": {
      "0": 0.7265188695210696,
      "1": 0.9021831105093925,
      "2": 0.8547977661194788,
      "3": 0.967676425791166,
      "4": 0.9417837197495346,
      "5": 0.9427991199864614
    }
  },
  "3": {
    "baseline": 0.95496417604913,
    "clusters": {
      "0": 0.3991811668372569,
      "1": 0.01023541453428864,
      "2": 0.9611054247697032,
      "3": 0.9559877175025588,
      "4": 0.9785056294779939,
      "5": 0.8485158648925282
    }
  },
  "4": {
    "baseline": 0.9558359621451105,
    "clusters": {
      "0": 0.9053627760252366,
      "1": 0.0031545741324921135,
      "2": 0.3438485804416404,
      "3": 0.9305993690851735,
      "4": 0.9053627760252366,
      "5": 0.9526813880126183
    }
  },
  "5": {
    "baseline": 0.9626168224299065,
    "clusters": {
      "0": 0.9345794392523364,
      "1": 0.7663551401869159,
      "2": 0.9906542056074766,
      "3": 0.9813084112149533,
      "4": 0.9439252336448598,
      "5": 0.9813084112149533
    }
  },
  "6": {
    "baseline": 0.9549071618037135,
    "clusters": {
      "0": 0.9336870026525199,
      "1": 0.8448275862068966,
      "2": 0.8779840848806366,
      "3": 0.9509283819628647,
      "4": 0.9509283819628647,
      "5": 0.9602122015915119
    }
  },
  "7": {
    "baseline": 0.9702127659574468,
    "clusters": {
      "0": 0.8425531914893617,
      "1": 0.9659574468085106,
      "2": 0.948936170212766,
      "3": 0.9744680851063829,
      "4": 0.9319148936170213,
      "5": 0.8680851063829788
    }
  }
}