{"delta_s": {"0": 0.4296875, "1": 0.4296875, "2": -0.1640625, "3": -0.0390625, "4": 0.140625, "5": 0.1640625, "6": 0.015625, "7": 0.078125, "8": 0.375, "9": 0.375, "10": 0.3828125, "11": 0.3203125, "12": 0.328125, "13": 0.28125, "14": 0.4296875, "15": 0.4296875}, "delta_t": {"0": 0.9453125, "1": 0.9453125, "2": 0.1328125, "3": 0.0, "4": 0.0390625, "5": 0.109375, "6": -0.0234375, "7": -0.0234375, "8": -0.0078125, "9": 0.0546875, "10": 0.0078125, "11": 0.0, "12": 0.1796875, "13": 0.046875, "14": 0.3828125, "15": 0.7734375, "16": 0.1953125, "17": 0.140625, "18": 0.71875, "19": 0.1796875, "20": 0.0234375, "21": -0.0078125, "22": 0.03125, "23": 0.046875, "24": 0.0625, "25": 0.015625, "26": 0.0, "27": 0.03125, "28": -0.0078125, "29": 0.0, "30": 0.0, "31": 0.21875}}